rank,player,clase
1,Mefesto#1634,barbarian
2,Zara#1458,barbarian
3,Demonic#12617,barbarian
4,Webs#1545,barbarian
5,Shark#1739,barbarian
6,TogMaster#1629,barbarian
7,Morbus#1856,barbarian
8,serro#1366,barbarian
9,ChaosChrist#1721,barbarian
10,PinkDaisy#1792,barbarian
11,MarineZomby#1356,barbarian
12,Althos#1521,barbarian
13,AdeliteHC#1861,barbarian
14,Latios#1344,barbarian
15,RifleSniper#1934,barbarian
16,Ionlymisonce#6164,barbarian
17,Silent#1553,barbarian
18,bigdatty#1631,barbarian
19,Decara#1133,barbarian
20,JAGE#1690,barbarian
21,MaximusG#1463,barbarian
22,Spirited#1737,barbarian
23,Kuttix#11248,barbarian
24,MistressAria#1145,barbarian
25,SkinnyBadBoy#1541,barbarian
26,zOh#1433,barbarian
27,badeath#1852,barbarian
28,Xerra#1155,barbarian
29,Scoot#1714,barbarian
30,Deux#1622,barbarian
31,wormtony1986#1863,barbarian
32,SenatorSmash#1405,barbarian
33,Bulvine#1904,barbarian
34,asystem3rror#1623,barbarian
35,Narcos#11510,barbarian
36,Kago#11947,barbarian
37,Kolli#1764,barbarian
38,FoxQ#3288,barbarian
39,Flyingforces#1186,barbarian
40,groin#1827,barbarian
41,Hefftty#1347,barbarian
42,MaCeDoNiAn#1641,barbarian
43,TheBageler#6876,barbarian
44,dragonbone#1623,barbarian
45,MinLee#1591,barbarian
46,DaRkAngel#11884,barbarian
47,Taterville#1928,barbarian
48,Dante#15811,barbarian
49,Beherrit#1333,barbarian
50,Urath#1623,barbarian
51,OwnedDotcom#1430,barbarian
52,DeathZai#2759,barbarian
53,n0iz3#1536,barbarian
54,Vueren#1840,barbarian
55,Vsizzle#1601,barbarian
56,Banzai#11698,barbarian
57,Nate#1429,barbarian
58,neko#1825,barbarian
59,Quake2#1309,barbarian
60,Nevs#6393,barbarian
61,parchd#1914,barbarian
62,Sherwin#6277,barbarian
63,Montanha#1463,barbarian
64,SunnyBzNo1#1374,barbarian
65,Mjt#11417,barbarian
66,TotalKaos#1280,barbarian
67,Hakai#11112,barbarian
68,Gukkie#1273,barbarian
69,Neo#1223,barbarian
70,Bronce#1792,barbarian
71,BDY#1756,barbarian
72,NReeKaY#1112,barbarian
73,Yumien#1284,barbarian
74,THESAVVA#1708,barbarian
75,LostAttache#1732,barbarian
76,motown21#1756,barbarian
77,Rockets5#1671,barbarian
78,CooperX#3935,barbarian
79,Talic126tv#1183,barbarian
80,cronickilla#1834,barbarian
81,Legendary#14147,barbarian
82,KINGDJ#11419,barbarian
83,TheArsenal10#1277,barbarian
84,Spook#11616,barbarian
85,Aldric#1482,barbarian
86,HeN#1344,barbarian
87,expl0ity0u#1180,barbarian
88,Ferrao#1606,barbarian
89,Snerdly#11139,barbarian
90,Shifn#1512,barbarian
91,Ledesimus#1169,barbarian
92,Nem#11599,barbarian
93,jpr#3977,barbarian
94,Darrin#1864,barbarian
95,Mama#11600,barbarian
96,12426523,f
97,horror#6953,barbarian
98,ktbanh#1757,barbarian
99,Eldrish#1968,barbarian
100,RaGeNaDo#1586,barbarian
101,DizzyJay79#1593,barbarian
102,OverExtender#11984,barbarian
103,Joku#6485,barbarian
104,DiaTech#1322,barbarian
105,kl0sdf#1849,barbarian
106,Maddog#6776,barbarian
107,Zippa#1482,barbarian
108,Lorack#1350,barbarian
109,Panoramixx#1324,barbarian
110,Zio#1890,barbarian
111,WildWolf#136123,barbarian
112,Echo#1248,barbarian
113,Kratos#1472,barbarian
114,daddyharder#1577,barbarian
115,TwoBirds#1649,barbarian
116,thurst0n#1685,barbarian
117,Tapatio#1393,barbarian
118,Kitesurfer#1405,barbarian
119,Awag#11270,barbarian
120,Zez#11787,barbarian
121,Overdoses#1372,barbarian
122,Frugalicious#1697,barbarian
123,Barly#1927,barbarian
124,Inceptive#11819,barbarian
125,Wargon#1618,barbarian
126,MaKubAsX#3899,barbarian
127,SBDHeman#1504,barbarian
128,Thunder#1135,barbarian
129,TriForceG#1951,barbarian
130,Hadd0man#6978,barbarian
131,Nusrah#1452,barbarian
132,MVSLURM#1574,barbarian
133,Godizilla#1165,barbarian
134,CaLiKiLLA#1498,barbarian
135,Viriya#1652,barbarian
136,Papagromit#1911,barbarian
137,Onymous#11727,barbarian
138,Ynos#1882,barbarian
139,GraineGivrée#1689,barbarian
140,spoiler69#1400,barbarian
141,Ashtraymaker#1596,barbarian
142,Darth#1885,barbarian
143,Thrasher#1105,barbarian
144,dinosaur#1572,barbarian
145,Yunsoulja#1976,barbarian
146,Thrawb#1915,barbarian
147,Smeow#1940,barbarian
148,Macphils#1526,barbarian
149,HackedSoul#1218,barbarian
150,IPunchPeters#1669,barbarian
151,Risp#1713,barbarian
152,Zorac#11347,barbarian
153,Scurvivalist#1281,barbarian
154,Anubis#1528,barbarian
155,BaziL#11783,barbarian
156,LazyTitan#15999,barbarian
157,Spro8#11982,barbarian
158,Josmo#11827,barbarian
159,Petsilence#1667,barbarian
160,PwnerSauce#1143,barbarian
161,POGII#1807,barbarian
162,worx#1643,barbarian
163,Gizmonic#1426,barbarian
164,Panaku#1384,barbarian
165,Maestr0#1929,barbarian
166,ybcrowl#1509,barbarian
167,Cooki#11872,barbarian
168,SaPphiRe#1606,barbarian
169,yeah#3377,barbarian
170,vash#1564,barbarian
171,sombre#1836,barbarian
172,阿鎮#3852,barbarian
173,LadyinReady#1634,barbarian
174,Wetmud#1581,barbarian
175,Luney#1638,barbarian
176,Magneto#1397,barbarian
177,Rusty#1117,barbarian
178,mlgkittycat#1548,barbarian
179,Zer0Talent#1571,barbarian
180,SSSFame#1676,barbarian
181,Furyfist#1842,barbarian
182,GuitterTrash#1197,barbarian
183,Norcoth#1600,barbarian
184,nubeknight#1770,barbarian
185,Void#3599,barbarian
186,Marethari#1768,barbarian
187,Voyageur#1457,barbarian
188,Crom#1959,barbarian
189,zCKK#1338,barbarian
190,BroKnows#1427,barbarian
191,THIAGOCROATO#1481,barbarian
192,itsmurda#1828,barbarian
193,Badmother#1119,barbarian
194,Tordek#1257,barbarian
195,Hotshot#1259,barbarian
196,Sethh#1262,barbarian
197,EKCrusher#1997,barbarian
198,CallMeTed#1259,barbarian
199,Deitylink#1237,barbarian
200,Scruffy#11179,barbarian
201,HonorBound#1540,barbarian
202,Natt#1701,barbarian
203,KYLE#22431,barbarian
204,Raptor040#1967,barbarian
205,Astrogue#11593,barbarian
206,ishandel#1601,barbarian
207,Shrimby#1158,barbarian
208,Orodonis#1873,barbarian
209,Starbuzz#1600,barbarian
210,Sekta#6697,barbarian
211,Echo#1132,barbarian
212,ǶGoombah#1460,barbarian
213,DxWo316#1177,barbarian
214,Khaldor#2849,barbarian
215,Melphys#1617,barbarian
216,AkomoAkrio#1470,barbarian
217,GhostJelly#1700,barbarian
218,Scytherian#1673,barbarian
219,Craptastic#1430,barbarian
220,Oblivion#1512,barbarian
221,Qway#1749,barbarian
222,brendamn#1939,barbarian
223,shawnlol#1333,barbarian
224,Fuliautomatx#1115,barbarian
225,paleologos#1904,barbarian
226,Gelmor#1730,barbarian
227,Sin#1140,barbarian
228,Mike#1353,barbarian
229,c1rca#1138,barbarian
230,Stewman#1386,barbarian
231,RRtaz#1838,barbarian
232,Skincreme#1480,barbarian
233,JacksonKugar#1481,barbarian
234,tomatotom#1753,barbarian
235,Jmontic#1472,barbarian
236,Tar#1612,barbarian
237,BOO#1207,barbarian
238,Busaj52#1559,barbarian
239,Boots#1334,barbarian
240,SODIUMPAPI#1536,barbarian
241,Dysandelus#1421,barbarian
242,LordVazeL#1406,barbarian
243,Kulgark#1987,barbarian
244,Gryphter#1128,barbarian
245,Hpnotiq#1763,barbarian
246,Phrage#1818,barbarian
247,shinobu#12163,barbarian
248,antdez#1359,barbarian
249,Heretic#1446,barbarian
250,Shogun#12259,barbarian
251,Voxbob#1178,barbarian
252,CerealKiller#2894,barbarian
253,LottaMercy#11446,barbarian
254,samleong#1896,barbarian
255,Diablo4#11458,barbarian
256,Vezax#6414,barbarian
257,gruesome#12118,barbarian
258,Tuco#1636,barbarian
259,Charred#1909,barbarian
260,Aowin#1787,barbarian
261,Dracorage#1752,barbarian
262,machogwapo00#1801,barbarian
263,Leibo#1269,barbarian
264,TinyPancho#1621,barbarian
265,RawNerd#1571,barbarian
266,Chickn#1249,barbarian
267,armen#1275,barbarian
268,Relentless#11587,barbarian
269,Peplicious#11862,barbarian
270,Luizota#1463,barbarian
271,Grin#1784,barbarian
272,DarkUniverse#11200,barbarian
273,Jzyi#1121,barbarian
274,Artemis#1214,barbarian
275,Calljer#1916,barbarian
276,QuAkEgODD#1242,barbarian
277,Thunder#1925,barbarian
278,Gabynator#11130,barbarian
279,Amped#1345,barbarian
280,Alexandra#6628,barbarian
281,ZeroScore#11207,barbarian
282,Jinsho#1135,barbarian
283,Crosscut#1973,barbarian
284,Fumanchu#1631,barbarian
285,JROD#1494,barbarian
286,HolyDiver#1668,barbarian
287,EvilEddy#1253,barbarian
288,NutzAFloppin#1303,barbarian
289,WeedyP#1546,barbarian
290,SStearnZy#1546,barbarian
291,praE#1394,barbarian
292,Prinnyhunter#1169,barbarian
293,earti#1829,barbarian
294,HoneyDruid#1405,barbarian
295,XII1#1214,barbarian
296,Nice#11389,barbarian
297,Pogerz#6313,barbarian
298,Broli#1833,barbarian
299,Camisan#1369,barbarian
300,blacklisted#1818,barbarian
301,Marcoe85#1925,barbarian
302,CRACKER#1662,barbarian
303,ScZ#11583,barbarian
304,Jibeker#1692,barbarian
305,Nailer#1676,barbarian
306,ShakenBake#1857,barbarian
307,nanaoei#1665,barbarian
308,deadadvocate#1126,barbarian
309,Maxime#1373,barbarian
310,tractor#1272,barbarian
311,CuttyFlam#1825,barbarian
312,Stoptalking#1118,barbarian
313,Zelist#1829,barbarian
314,Shivster#1151,barbarian
315,Andonis#1690,barbarian
316,KickerBLU#1448,barbarian
317,RotaryRob#1845,barbarian
318,Nahr#1872,barbarian
319,PDUB#1568,barbarian
320,Veilas#1766,barbarian
321,Kingbaztard#1908,barbarian
322,BanditBoy#11800,barbarian
323,瘋狂死亡#4813,barbarian
324,ACERA#11255,barbarian
325,Jackal2150#1471,barbarian
326,Rhys#1185,barbarian
327,CDogg666#1662,barbarian
328,WMarinho#11546,barbarian
329,Toq#1125,barbarian
330,NinjaStalker#1607,barbarian
331,Sylus#1634,barbarian
332,RAYBOW#1983,barbarian
333,Wangtastic#1382,barbarian
334,Xerxes#1937,barbarian
335,Yaya#6161,barbarian
336,Voodoo#1304,barbarian
337,HogginDoss#1194,barbarian
338,Igor3Volf#1945,barbarian
339,Puresoul#1952,barbarian
340,Wolf#11122,barbarian
341,Euphus#1664,barbarian
342,BENZ#1633,barbarian
343,DateSama#1674,barbarian
344,AbolishPeace#1348,barbarian
345,Morrison#1446,barbarian
346,Zargoth#1193,barbarian
347,天泣情#3848,barbarian
348,Wolfelik#1683,barbarian
349,CuteGuy#1964,barbarian
350,ISNIPE84#6958,barbarian
351,LHTony#1383,barbarian
352,rusty#1825,barbarian
353,RazorShine#1262,barbarian
354,troubleshoot#1811,barbarian
355,Greyson#6817,barbarian
356,Qport#1393,barbarian
357,nukester007#1665,barbarian
358,DEXTERHARLEY#1824,barbarian
359,BigPhysh#1862,barbarian
360,ROIDS#11702,barbarian
361,Skoobz#1753,barbarian
362,pariaH#1273,barbarian
363,OneShotScott#11511,barbarian
364,eyececius#1304,barbarian
365,Jdub#1645,barbarian
366,Perigan#1325,barbarian
367,Morthos#1954,barbarian
368,zhkn#1319,barbarian
369,Crusader#1747,barbarian
370,Atlantic#1790,barbarian
371,MastaSp3kta#1785,barbarian
372,Firetruck#1971,barbarian
373,Dessik#1163,barbarian
374,Eli#1174,barbarian
375,Snugs#11976,barbarian
376,Banaco#1135,barbarian
377,Allorim#11826,barbarian
378,Pooshlmer#1902,barbarian
379,Mateusao2016#1381,barbarian
380,Poken#21701,barbarian
381,Tsed#1572,barbarian
382,Siegeblade#1993,barbarian
383,nothing#1161,barbarian
384,Mexsus#1223,barbarian
385,Marcellagens#1105,barbarian
386,ElPancho#11641,barbarian
387,Karter#1403,barbarian
388,Sisemen#1576,barbarian
389,Cannabian#1668,barbarian
390,Foosala#1533,barbarian
391,Zylord#1354,barbarian
392,Vintagejones#1174,barbarian
393,PathofSix#1766,barbarian
394,PissedMarine#1207,barbarian
395,EternalShmee#2586,barbarian
396,Doom#1706,barbarian
397,xHollowModex#1351,barbarian
398,DconoBarion#1671,barbarian
399,Bozz#1854,barbarian
400,Smoke#13929,barbarian
401,JYDI#3322,barbarian
402,Johnzz#3360,barbarian
403,Bolo#1658,barbarian
404,Upsilon#1688,barbarian
405,Daid#11344,barbarian
406,Brutus#1201,barbarian
407,bmaurer#1690,barbarian
408,Xaah#1600,barbarian
409,Shockspam#1743,barbarian
410,Vosscat#1434,barbarian
411,Shoefish#6133,barbarian
412,rbahamut#1857,barbarian
413,dizaster#11170,barbarian
414,Awahime#1653,barbarian
415,SneakyGreenG#1221,barbarian
416,Ravenger#1170,barbarian
417,JamCee#1673,barbarian
418,Gilgatron#1505,barbarian
419,小白#3898,barbarian
420,LynC#11681,barbarian
421,Charlie#1945,barbarian
422,12265607,m
423,KaptKr0nic#1250,barbarian
424,nemesis#11600,barbarian
425,TioGatts#1240,barbarian
426,Kinger#1287,barbarian
427,Vishes#11641,barbarian
428,Butler#1841,barbarian
429,Ragnarok#1262,barbarian
430,Splashing#1774,barbarian
431,Intoxication#1454,barbarian
432,Greybeard#1263,barbarian
433,Chidori#1560,barbarian
434,Viperoman#1457,barbarian
435,Drviss#1396,barbarian
436,Valquandrius#1800,barbarian
437,Kleeb#11366,barbarian
438,XxBassDocxX#1212,barbarian
439,Ronuldraygun#1963,barbarian
440,fethor#1293,barbarian
441,Monti#11861,barbarian
442,Tippycanoe#1413,barbarian
443,FourTLoG#1659,barbarian
444,Xproject#1818,barbarian
445,iCoordinator#1403,barbarian
446,Dkt#1806,barbarian
447,Kungen#1479,barbarian
448,Toblerkyme#6808,barbarian
449,ZWEIHORNE#1944,barbarian
450,Chubbzilla#1757,barbarian
451,Toaster#1124,barbarian
452,Shinsoku#1310,barbarian
453,Charmander#1690,barbarian
454,Velric#1109,barbarian
455,SiZzle#1374,barbarian
456,Wrecktify#11360,barbarian
457,Fatcalvin#1457,barbarian
458,Blazen#11923,barbarian
459,Forbid#1722,barbarian
460,Hammuh#11744,barbarian
461,Aufsteigen#1531,barbarian
462,rougal#2145,barbarian
463,muffinnuts#1507,barbarian
464,Kaotic#1107,barbarian
465,Miguz#1908,barbarian
466,Xander#1185,barbarian
467,Linkstar#1279,barbarian
468,UndrcvrApple#1975,barbarian
469,Psychonaut#1256,barbarian
470,RokERode75#1900,barbarian
471,Satanika#1890,barbarian
472,DigitalGunny#1552,barbarian
473,Trogga#1320,barbarian
474,Galymos#1723,barbarian
475,Sunderbluff#1367,barbarian
476,Caleb#1228,barbarian
477,Tupa#3342,barbarian
478,Furulu#1568,barbarian
479,LORDMICK#1291,barbarian
480,Creyo#1142,barbarian
481,Ayulno#1921,barbarian
482,Druggernaut#1433,barbarian
483,murrman5000#1330,barbarian
484,Chameleon88#2374,barbarian
485,DesertEagle#1986,barbarian
486,Voodues#1169,barbarian
487,kim#1769,barbarian
488,Doombringer#1998,barbarian
489,Dragless#1102,barbarian
490,Inflictus#1141,barbarian
491,vigwolff#1148,barbarian
492,Sanatarium#1621,barbarian
493,Juice#12150,barbarian
494,Jolyon#1386,barbarian
495,Con#1354,barbarian
496,CashMoney#1211,barbarian
497,Biggercheese#1250,barbarian
498,DaTaLa#1786,barbarian
499,Jickywoo#1888,barbarian
500,NoMercy#1310,barbarian
501,Jujujuice#11635,barbarian
502,ZAHEM#1108,barbarian
503,SavageBurger#1741,barbarian
504,zumpiatti#1528,barbarian
505,tremere#1828,barbarian
506,TERROR#1977,barbarian
507,Mori#1496,barbarian
508,joriver#1866,barbarian
509,Froo#1742,barbarian
510,DeedsOfValor#1548,barbarian
511,oCHAo#3534,barbarian
512,isaiah#11368,barbarian
513,Honeybadger#13837,barbarian
514,JOCK#1416,barbarian
515,QcMrPhil#1764,barbarian
516,Lawlsup#1501,barbarian
517,Molten#11485,barbarian
518,Barbarian#1603,barbarian
519,BogaS#1641,barbarian
520,Dominion#1566,barbarian
521,nhilhathak#1931,barbarian
522,MachoMan#11879,barbarian
523,Deathadder77#1208,barbarian
524,Dc1ph3r#1602,barbarian
525,Zakzozen#1287,barbarian
526,ethereal7#2268,barbarian
527,Jaysap#1101,barbarian
528,Cyclonic#1771,barbarian
529,Jaina#1847,barbarian
530,Essayons#1948,barbarian
531,Alleriea#1768,barbarian
532,Jien#1243,barbarian
533,FiapoPrime#1510,barbarian
534,DlNOEZ#1807,barbarian
535,furyofdark#1114,barbarian
536,SmashedLemon#1925,barbarian
537,Toons#1327,barbarian
538,Logan#14272,barbarian
539,Deathflash#1841,barbarian
540,Exogenesis#6498,barbarian
541,Jakenov#1137,barbarian
542,Achillies#6279,barbarian
543,Hellabored#1573,barbarian
544,Laveth#1959,barbarian
545,Daverose#1827,barbarian
546,GreenWood97#1865,barbarian
547,Khork#1266,barbarian
548,Koro#1672,barbarian
549,TurboTwit#11706,barbarian
550,Toorrc#1502,barbarian
551,BlindReaper#1934,barbarian
552,Snipercable#1146,barbarian
553,Daddy#16469,barbarian
554,TheRamey#1919,barbarian
555,Phasen#1219,barbarian
556,KAISA#3610,barbarian
557,Scorpio#1384,barbarian
558,Havok#1122,barbarian
559,Destroyer#29932,barbarian
560,Bone#1887,barbarian
561,Retyun#1576,barbarian
562,Rtic#1656,barbarian
563,mephiticus#1637,barbarian
564,TsuMikiN#1588,barbarian
565,Antagonist#1332,barbarian
566,ShyDevil#1183,barbarian
567,Hachabah#1133,barbarian
568,cam#1976,barbarian
569,EtheralReign#1587,barbarian
570,Gomez#1636,barbarian
571,Kazmodeus#1229,barbarian
572,Mcfluffy32#1655,barbarian
573,methias#1230,barbarian
574,Tiny711#1508,barbarian
575,Buzzerlord#1738,barbarian
576,Cake#1801,barbarian
577,JeanbuteOsti#1989,barbarian
578,JDorc#1119,barbarian
579,Kaneda#1784,barbarian
580,異世浮生#3905,barbarian
581,Nooby#11483,barbarian
582,8637475,m
583,Erlaya#6728,barbarian
584,Hightones#1859,barbarian
585,Myth#1924,barbarian
586,prohibited87#1533,barbarian
587,Kylorx#1613,barbarian
588,Bloodybig#3938,barbarian
589,14170474,m
590,Necrocks#1425,barbarian
591,Saber#1697,barbarian
592,愛玩嘉#3484,barbarian
593,Taifighter#1633,barbarian
594,B13N#1147,barbarian
595,TheBody#1761,barbarian
596,MasterNinja#1182,barbarian
597,Shibbo#1681,barbarian
598,Roddy#1871,barbarian
599,Satik#1268,barbarian
600,Miniwitts#1888,barbarian
601,Vel#11947,barbarian
602,Madmarc2#1445,barbarian
603,Targetawg#1538,barbarian
604,ZMFranco#1493,barbarian
605,TheStickyBun#1697,barbarian
606,Blondre3000#11760,barbarian
607,Derobosmi#1523,barbarian
608,UdeadtomE#1883,barbarian
609,HoradricNoob#11593,barbarian
610,Archer#1792,barbarian
611,Dungbuddy#1900,barbarian
612,SilentSword#11131,barbarian
613,Vishous#11923,barbarian
614,Catzilla#1357,barbarian
615,Boul#1979,barbarian
616,Pitoune#1618,barbarian
617,jabb5#1399,barbarian
618,SixFive#11431,barbarian
619,Avellorn#1118,barbarian
620,HeroMarauder#1908,barbarian
621,Vikoden#1498,barbarian
622,Euclides#11571,barbarian
623,LotheReaper#1902,barbarian
624,newbasaur#1235,barbarian
625,KiddLylo#1366,barbarian
626,SaintCoultz#1215,barbarian
627,Ddiesel#1521,barbarian
628,G8RJim#1443,barbarian
629,Loki#1893,barbarian
630,phinfan#1499,barbarian
631,LLDAKILLA#1324,barbarian
632,Eryel#1238,barbarian
633,Dish#1153,barbarian
634,ShouJinWuQi#1690,barbarian
635,CCor#1915,barbarian
636,Vega#11389,barbarian
637,TGGurash#1599,barbarian
638,Moogul#1847,barbarian
639,Raurisfly#1449,barbarian
640,madam#1864,barbarian
641,Ltd#1646,barbarian
642,Chipsfd#1755,barbarian
643,hellhound#1958,barbarian
644,lom4R#2484,barbarian
645,Nixarax#1812,barbarian
646,Ratchet#1221,barbarian
647,UNCHOKIE#1907,barbarian
648,Shoop#1655,barbarian
649,MrWeinschenk#1978,barbarian
650,OGezDonPepe#1813,barbarian
651,Gruntleberry#1689,barbarian
652,Badjer#1739,barbarian
653,TeamKasuyaX#1826,barbarian
654,yohyzo#1879,barbarian
655,SprucesWild#1910,barbarian
656,Pitstop#1863,barbarian
657,blaze#1955,barbarian
658,JeeJee#1819,barbarian
659,Monazo#1641,barbarian
660,Lochlain#1133,barbarian
661,feelinggood#1213,barbarian
662,Paranoiid#1758,barbarian
663,Revold#1868,barbarian
664,XIUIX#1132,barbarian
665,gjvella#1491,barbarian
666,PhunThyme#1890,barbarian
667,Abysmal#1849,barbarian
668,kabamountra#2160,barbarian
669,14196020,m
670,Immortal#1859,barbarian
671,ßølltuçcîer#1684,barbarian
672,talianiara#1445,barbarian
673,Vaxis#1642,barbarian
674,Violencia#2179,barbarian
675,Gallas#1504,barbarian
676,Achilles#1969,barbarian
677,SumBaldUncle#1318,barbarian
678,Bullkaizer45#1599,barbarian
679,Mirk#1798,barbarian
680,YungLeanDoer#11709,barbarian
681,LuckyDevil#1925,barbarian
682,Egestad#1641,barbarian
683,Jolt#1964,barbarian
684,FaceBreaker#11822,barbarian
685,Chenster#1892,barbarian
686,warrax#1507,barbarian
687,Llys#1188,barbarian
688,Flipmod#1900,barbarian
689,Aericks#1698,barbarian
690,xxreefrluvxx#1849,barbarian
691,Shizno#1914,barbarian
692,spartanstix#1954,barbarian
693,Brooks#1106,barbarian
694,Adelphion#1811,barbarian
695,Mudda#1637,barbarian
696,LordMushu#1757,barbarian
697,Tyler#1662,barbarian
698,Herskip#1280,barbarian
699,Tallatsu#1661,barbarian
700,InsaneBobb#1622,barbarian
701,Silenus#1986,barbarian
702,Gannicus#11399,barbarian
703,HotSauce#1289,barbarian
704,Gawen#1298,barbarian
705,LordNoctis#1523,barbarian
706,封承雲海#3859,barbarian
707,Supladies#1173,barbarian
708,Inclemant#1517,barbarian
709,Vox#11149,barbarian
710,Sickness#1287,barbarian
711,9341827,m
712,TuShallPac#1285,barbarian
713,Pagani#4275,barbarian
714,MikeBizzo#1824,barbarian
715,Toup800#1671,barbarian
716,Dieblo#1522,barbarian
717,Gluten#11986,barbarian
718,Marben#1715,barbarian
719,Light#13886,barbarian
720,nvsven#1442,barbarian
721,Mack3y#1152,barbarian
722,ThaBadTouch#1768,barbarian
723,NickFury#1705,barbarian
724,Shotzoh#1319,barbarian
725,ChAoTiC#11239,barbarian
726,Galgo#1500,barbarian
727,Aice#1447,barbarian
728,Faos#1442,barbarian
729,Hankob#1284,barbarian
730,Reality#11943,barbarian
731,109822003,m
732,Gaves#1217,barbarian
733,holy#1243,barbarian
734,Draxo#1501,barbarian
735,Agathos#1406,barbarian
736,Brianzero#1252,barbarian
737,WallyWonka#6877,barbarian
738,jojog#1212,barbarian
739,DCinMO#1172,barbarian
740,Ricosueve#1101,barbarian
741,Greybok#1681,barbarian
742,Vigil#1465,barbarian
743,LunaticForce#1442,barbarian
744,P3nnyWise#1608,barbarian
745,FuzziestBear#1705,barbarian
746,Ouroboros#1853,barbarian
747,BOOTYmcBOOTY#1271,barbarian
748,Namegabrag#1842,barbarian
749,Caleb#1978,barbarian
750,Selfy#11706,barbarian
751,Rikktor#11822,barbarian
752,Pure780#6626,barbarian
753,D3ph1in#1905,barbarian
754,KillShot#1213,barbarian
755,Feelsgoodman#11570,barbarian
756,Jazual#1609,barbarian
757,Kegyar#1128,barbarian
758,Ziglez#6959,barbarian
759,WAGAROH#1871,barbarian
760,Igorteca#1409,barbarian
761,Superbones#11525,barbarian
762,Gossu#1529,barbarian
763,SkiitZ#1230,barbarian
764,SitKill#1658,barbarian
765,V8766#1980,barbarian
766,DoomBlade#11906,barbarian
767,Haifuku#1476,barbarian
768,Zeap#1812,barbarian
769,d3phext#1636,barbarian
770,Steve#16771,barbarian
771,JohnFLee#1553,barbarian
772,Matit#2245,barbarian
773,José#12545,barbarian
774,Yumm#1524,barbarian
775,Stewcat#1493,barbarian
776,famez#1448,barbarian
777,Crius#11745,barbarian
778,Jman#1491,barbarian
779,Use#1663,barbarian
780,HavoHejDlihc#1554,barbarian
781,Rabbitse#1943,barbarian
782,Wartsnuff#1974,barbarian
783,cafetao#11273,barbarian
784,LoneWolf#1449,barbarian
785,KazricSeyth#11814,barbarian
786,Kraulenth#1289,barbarian
787,Scirocco#1325,barbarian
788,Grethorn2002#6102,barbarian
789,Vudoo1202#11863,barbarian
790,Rocket611#1267,barbarian
791,Bernier#1840,barbarian
792,TheNicoman#1533,barbarian
793,Skaleski#1800,barbarian
794,Arthorios#1895,barbarian
795,D41mIN47RIX#1604,barbarian
796,Ghost#143797,barbarian
797,Havoc#1998,barbarian
798,SGKyle#1728,barbarian
799,Genji#2319,barbarian
800,Franslei#1113,barbarian
801,FatBlackJew#1412,barbarian
802,Zethive#1697,barbarian
803,jeff#13424,barbarian
804,Teriath#1152,barbarian
805,DirtyUncle#11948,barbarian
806,PaxTristana#1577,barbarian
807,Naga#1592,barbarian
808,Cypher#1378,barbarian
809,Bepis#11405,barbarian
810,HotAsIce#1182,barbarian
811,DConstantine#1169,barbarian
812,bato#1517,barbarian
813,Kiraush#1915,barbarian
814,TrumAn#6584,barbarian
815,PortableRick#1615,barbarian
816,wintersdance#1167,barbarian
817,53274584,m
818,Slap#1865,barbarian
819,DemonWolf#1104,barbarian
820,Hoyashi#1795,barbarian
821,funzy4#1148,barbarian
822,Ralph#1104,barbarian
823,Dirty#11923,barbarian
824,Cvaal#1711,barbarian
825,Petrol#6781,barbarian
826,Kitch#11502,barbarian
827,Grant#1686,barbarian
828,CaNNoN#6733,barbarian
829,8778894,f
830,Ceremony#1575,barbarian
831,guetali#2260,barbarian
832,Float#11367,barbarian
833,Seugahmas#1285,barbarian
834,Naeru#1733,barbarian
835,Gooz#11633,barbarian
836,Sensei#1284,barbarian
837,Elryk#1745,barbarian
838,Ndoki#1703,barbarian
839,Hightower#2102,barbarian
840,tsarvadim#1558,barbarian
841,holyciet#1557,barbarian
842,Minorin#1187,barbarian
843,schaakattack#1784,barbarian
844,nbas0t0a1r#1258,barbarian
845,ZeroReality#1670,barbarian
846,VladHimself#1162,barbarian
847,CarbonPixel#1441,barbarian
848,Osaat#1524,barbarian
849,Whiteiceman#1300,barbarian
850,Kabbage#1503,barbarian
851,DeadlyTokez#1351,barbarian
852,SnoeWhyte#1633,barbarian
853,Nerfles#11451,barbarian
854,ShurikenEnOr#1568,barbarian
855,Pich#11581,barbarian
856,Warborne#1518,barbarian
857,Snow#11143,barbarian
858,Rock#1926,barbarian
859,Rippy#1834,barbarian
860,McManwich#1159,barbarian
861,FirePenguin#1462,barbarian
862,Stychard#1184,barbarian
863,Diredevil#1717,barbarian
864,Millatron#1490,barbarian
865,pootpoot#1120,barbarian
866,XApocalypseX#1117,barbarian
867,PhoenixGold#11774,barbarian
868,loschiavop#1800,barbarian
869,darkover#3969,barbarian
870,LOKI#12349,barbarian
871,Bace#1945,barbarian
872,JPHarvey529#1658,barbarian
873,Port#2478,barbarian
874,insaneslayer#1775,barbarian
875,Jaxin#11795,barbarian
876,Tappy#6327,barbarian
877,Frag#1978,barbarian
878,Agani#1187,barbarian
879,Helel#1804,barbarian
880,Jagr#1381,barbarian
881,Priss#21952,barbarian
882,wrekz#1525,barbarian
883,IllIllI#11130,barbarian
884,BATaTIS#1421,barbarian
885,NoLMTs#1546,barbarian
886,Repeat#1872,barbarian
887,Dreygo64#1152,barbarian
888,Kyowner#1943,barbarian
889,vul#1145,barbarian
890,Surveyvon#1337,barbarian
891,Kameara#1985,barbarian
892,nightfall#1371,barbarian
893,Zatarra#1909,barbarian
894,BIGW1G#1336,barbarian
895,Tamienne#1639,barbarian
896,Bluejesus#11169,barbarian
897,Groksh#1683,barbarian
898,jaqkEquips#1429,barbarian
899,Kuzumi#1400,barbarian
900,Halfurion#1651,barbarian
901,Ferraz95#1331,barbarian
902,lordjesus#1144,barbarian
903,Nomyar#1321,barbarian
904,muntaka#1431,barbarian
905,anjo#6317,barbarian
906,Haus#1781,barbarian
907,SpongeBoB#3496,barbarian
908,HighlyTaimed#1504,barbarian
909,PaxTharkas#1916,barbarian
910,PresBarkeep#1675,barbarian
911,Joelicus#1676,barbarian
912,Kirishima#11179,barbarian
913,XFNova#1655,barbarian
914,Cliff#12410,barbarian
915,bnmeza#1999,barbarian
916,MattxMaster#1984,barbarian
917,squatch#11774,barbarian
918,Garfong#1117,barbarian
919,TIKank#1226,barbarian
920,friedhouse#1848,barbarian
921,Dacra#1281,barbarian
922,Holovis#1586,barbarian
923,Froman#11943,barbarian
924,Speedy#11986,barbarian
925,Esoteric#1576,barbarian
926,Icetea#1365,barbarian
927,Bagnatouro#1873,barbarian
928,Lontrex#1897,barbarian
929,imgonawhoopu#1372,barbarian
930,Xis#1148,barbarian
931,Richness#1231,barbarian
932,BEOWULF#1309,barbarian
933,spazzz#1835,barbarian
934,Suntzu#1814,barbarian
935,GrimK1ng#1257,barbarian
936,a69e#1340,barbarian
937,Halfday#11268,barbarian
938,Subcrazy#1734,barbarian
939,nheckman10#1323,barbarian
940,재잘재잘#3545,barbarian
941,StoneyMalone#11509,barbarian
942,Ferisar#1917,barbarian
943,Deckard#1586,barbarian
944,Dist#1734,barbarian
945,GoneStupid#1579,barbarian
946,awesomedawg#1517,barbarian
947,Andros1899#1659,barbarian
948,Styxx#1879,barbarian
949,Holla4adolla#1241,barbarian
950,justNrage#1984,barbarian
951,Dragon#12206,barbarian
952,jmp29730#1989,barbarian
953,Smurphy#1147,barbarian
954,DeadlyRose#11687,barbarian
955,Haz#1532,barbarian
956,MrPacDot#1220,barbarian
957,BaneOfDiablo#1131,barbarian
958,FXK#1943,barbarian
959,LaughableOne#1198,barbarian
960,Swifthitz#1408,barbarian
961,PapaBruck#1970,barbarian
962,Keelhauler#1944,barbarian
963,Muroken#1893,barbarian
964,Grigorenko#1717,barbarian
965,Trancelly#1727,barbarian
966,PsychoMadone#1326,barbarian
967,cestmoitd#1699,barbarian
968,Divination#1695,barbarian
969,trouble3trio#1902,barbarian
970,GumbySky#1247,barbarian
971,Skeksis#11104,barbarian
972,Nimbus#12779,barbarian
973,Anrothan#11478,barbarian
974,Guttler#1973,barbarian
975,Origin#1498,barbarian
976,RHAZZOREN#1307,barbarian
977,Meatpac#6861,barbarian
978,HYPExBEAST#1460,barbarian
979,Prometheus69#1628,barbarian
980,GNEW#1425,barbarian
981,Janitor#1712,barbarian
982,WhiteOwl#1550,barbarian
983,VodkaGenius#1449,barbarian
984,perna#11171,barbarian
985,Helsavat#1360,barbarian
986,AzNpRyNcE#1182,barbarian
987,abcd#1961,barbarian
988,ABSU#1912,barbarian
989,Krush#1942,barbarian
990,Goa#1337,barbarian
991,Cbass#1677,barbarian
992,MeowHero#1772,barbarian
993,Darious891#1943,barbarian
994,도도한사단장#3169,barbarian
995,Decaied#1587,barbarian
996,Chrome#13426,barbarian
997,Coveiro#1120,barbarian
998,Rodolfinho#11733,barbarian
999,shonx#1638,barbarian
1000,KillinThaime#1208,barbarian
1001,Veigur#1324,barbarian
1002,Orbill#11105,barbarian
1003,Keeganley#1788,barbarian
1004,Rumaki#1972,barbarian
1005,Adryanno#11970,barbarian
1006,Baker#1802,barbarian
1007,Ir0nway#1192,barbarian
1008,FreeSkies#1950,barbarian
1009,Starunner#11449,barbarian
1010,Mystik#1653,barbarian
1011,Marwin#1846,barbarian
1012,Sebarial#1423,barbarian
1013,Kumaslayer90#1259,barbarian
1014,GabTheBeast#1594,barbarian
1015,Butche#1780,barbarian
1016,NerdMind#1575,barbarian
1017,cgoody#11856,barbarian
1018,flippythb#1394,barbarian
1019,Khrog#1140,barbarian
1020,Collomax#1344,barbarian
1021,Brutos#1971,barbarian
1022,Chronocide#11829,barbarian
1023,esoh#1402,barbarian
1024,Averinn#11429,barbarian
1025,Moonkin#11300,barbarian
1026,FCTShank#1471,barbarian
1027,KOROYAN#1789,barbarian
1028,Tony#1368,barbarian
1029,LucifronSun#1802,barbarian
1030,TyKlip#1285,barbarian
1031,Vankmin#1379,barbarian
1032,Smitty#1100,barbarian
1033,Pete#1961,barbarian
1034,Wuothan#1819,barbarian
1035,Socodo0gro#1878,barbarian
1036,Daedalus#11904,barbarian
1037,GreatBrey#1779,barbarian
1038,Spleenless#1139,barbarian
1039,tera#1698,barbarian
1040,Novati#2473,barbarian
1041,PurpleChongo#1536,barbarian
1042,ThienThan#1718,barbarian
1043,Kai#1558,barbarian
1044,Nakednative#1753,barbarian
1045,JSQUIBB#1728,barbarian
1046,JoMercenary#1932,barbarian
1047,krustyfur#1890,barbarian
1048,Dutycallss#1798,barbarian
1049,Nefer#1244,barbarian
1050,Hemathion#1765,barbarian
1051,tapao#11848,barbarian
1052,GiantDad#1624,barbarian
1053,Ale#1372,barbarian
1054,Duds#1203,barbarian
1055,Imidazole#1916,barbarian
1056,takeitsleazy#1280,barbarian
1057,Zexxon#1923,barbarian
1058,rampageks#11487,barbarian
1059,Divine#11193,barbarian
1060,tieka#11520,barbarian
1061,RikaPaizuri#1626,barbarian
1062,LumberjaCK#11595,barbarian
1063,LilLucifer#1490,barbarian
1064,Tuvia#1263,barbarian
1065,cinamonstick#1661,barbarian
1066,Rising#1751,barbarian
1067,BShornock#1245,barbarian
1068,Tippitytoe#1196,barbarian
1069,Drane#1326,barbarian
1070,Promisqus#1443,barbarian
1071,senj#1686,barbarian
1072,Pakkey#1228,barbarian
1073,Murtidash#1992,barbarian
1074,Bakers#1291,barbarian
1075,Nubbinz#1887,barbarian
1076,kiv#6576,barbarian
1077,jerome69#1499,barbarian
1078,Stumpi#1889,barbarian
1079,TOM#1448,barbarian
1080,Z0MB1EL4ND#1531,barbarian
1081,Sol#1120,barbarian
1082,whitesamurai#1691,barbarian
1083,Ladilora#1926,barbarian
1084,Ryzzle#1713,barbarian
1085,HuDsOnOWNSU#1342,barbarian
1086,HanksHottie#1537,barbarian
1087,Newee#11790,barbarian
1088,Jagt#1635,barbarian
1089,Helel#1162,barbarian
1090,Carniceir0#2408,barbarian
1091,Seefut#1665,barbarian
1092,Littlejonn#1630,barbarian
1093,TheHammer#1781,barbarian
1094,無關#3157,barbarian
1095,ButterBalls#1676,barbarian
1096,overmouette#1189,barbarian
1097,Beegs#1664,barbarian
1098,Cricket#1837,barbarian
1099,Dmaa#11518,barbarian
1100,Rase#1996,barbarian
1101,Joobaca#1449,barbarian
1102,靈心舞#3773,barbarian
1103,Sooplex#1807,barbarian
1104,dongdong#3442,barbarian
1105,Halerius#11826,barbarian
1106,Calicoz#1567,barbarian
1107,Swikky#11501,barbarian
1108,Comedian#11605,barbarian
1109,Totow#1266,barbarian
1110,FrollicAcid#1187,barbarian
1111,Zerasher#1249,barbarian
1112,iLunchbox#1124,barbarian
1113,BaneMayker#1265,barbarian
1114,lXl#3505,barbarian
1115,Jackal#1500,barbarian
1116,DuffZarn#1921,barbarian
1117,TRUTH#1747,barbarian
1118,HughManphist#1357,barbarian
1119,GQK#1882,barbarian
1120,Ryder#1992,barbarian
1121,chris#111818,barbarian
1122,chaeldar#1383,barbarian
1123,Murax#1146,barbarian
1124,Helioz#1976,barbarian
1125,Odin#14621,barbarian
1126,Bleak#1333,barbarian
1127,PoserPunx#1180,barbarian
1128,SolarisReq#1234,barbarian
1129,Chivas#11914,barbarian
1130,Avatar#1460,barbarian
1131,tok#1746,barbarian
1132,Flashecko#1887,barbarian
1133,TheCloneint#1913,barbarian
1134,chsk#1108,barbarian
1135,phatlewt#1696,barbarian
1136,Harukaze#6802,barbarian
1137,mOrS#2898,barbarian
1138,Souleater87#1299,barbarian
1139,TrejitOx#2900,barbarian
1140,Ghost#12678,barbarian
1141,Daunti#1951,barbarian
1142,Jaymes#1451,barbarian
1143,JamesDean#1783,barbarian
1144,Skyhavok#1382,barbarian
1145,Stokan#1991,barbarian
1146,Saawa#1156,barbarian
1147,FabioFCFilho#1664,barbarian
1148,VonVektor#1168,barbarian
1149,Worland#1649,barbarian
1150,Mattlock420#1322,barbarian
1151,Drkwngduck#1490,barbarian
1152,Elyseum#1423,barbarian
1153,Pathex#11113,barbarian
1154,Jongkar#1430,barbarian
1155,K0VU#1117,barbarian
1156,Humpadoor#11678,barbarian
1157,XanaTos#11840,barbarian
1158,Anime#2284,barbarian
1159,MartyMcFly#21291,barbarian
1160,PrettyMuch#1929,barbarian
1161,Gunselnut#1513,barbarian
1162,Side#6252,barbarian
1163,BananaBro#11711,barbarian
1164,Baltack#1214,barbarian
1165,WarKhaos#1746,barbarian
1166,Deena#1178,barbarian
1167,catfighter#3572,barbarian
1168,MotherMedusa#1643,barbarian
1169,Kane#1909,barbarian
1170,Draaxx#1910,barbarian
1171,MadProbe#1477,barbarian
1172,Bazzinga#2143,barbarian
1173,Craignficent#1511,barbarian
1174,Thrashr#1507,barbarian
1175,Tool#11429,barbarian
1176,DeckardCain#1957,barbarian
1177,Sabella#1549,barbarian
1178,Bright#1978,barbarian
1179,hobb2222#1218,barbarian
1180,ThatwasEIN#1325,barbarian
1181,Hammertime#1735,barbarian
1182,CrimeSean#1720,barbarian
1183,PerkasaCrazy#6874,barbarian
1184,eytrix#1973,barbarian
1185,MolagBal#1887,barbarian
1186,Twilliamson#1160,barbarian
1187,Acheron#1962,barbarian
1188,Solitude#1968,barbarian
1189,Treated#1719,barbarian
1190,unseen#1621,barbarian
1191,Nownedn#1488,barbarian
1192,LunchBox#12489,barbarian
1193,BMpenguin#1175,barbarian
1194,Juicey#1321,barbarian
1195,krackercat#6772,barbarian
1196,Overlord#2774,barbarian
1197,Highlander#2217,barbarian
1198,Harlow#1362,barbarian
1199,Wonko#11607,barbarian
1200,Maulie#11579,barbarian
1201,Steevnash#1253,barbarian
1202,LittleOgre#1817,barbarian
1203,Mauntra#1917,barbarian
1204,karl#3225,barbarian
1205,chipsab22#1906,barbarian
1206,ChrisPBacon#1978,barbarian
1207,Atomos#1834,barbarian
1208,Advanced#1482,barbarian
1209,Renecent#1909,barbarian
1210,股天樂#3142,barbarian
1211,Omega#11186,barbarian
1212,Zan#1260,barbarian
1213,iDaHuy#1381,barbarian
1214,Hitman2042#1860,barbarian
1215,Decay#1249,barbarian
1216,Delor#1712,barbarian
1217,AwkoTurtle#1702,barbarian
1218,DrakenKoren#1512,barbarian
1219,Nikkodu#1985,barbarian
1220,pOke#1815,barbarian
1221,Yanguti#1813,barbarian
1222,VortexII#1762,barbarian
1223,Sirene#1426,barbarian
1224,GodinhoRJ#1337,barbarian
1225,kiss#1283,barbarian
1226,RedRaisin#1328,barbarian
1227,Chemikill#1963,barbarian
1228,HappyFeet#156182,barbarian
1229,hAllS#1909,barbarian
1230,Bombus#11282,barbarian
1231,Kuj#1673,barbarian
1232,Irish#1658,barbarian
1233,b3ta#11308,barbarian
1234,TurboRT#1325,barbarian
1235,thunderage#11177,barbarian
1236,tivigny#1567,barbarian
1237,Avend#1699,barbarian
1238,thisisntadam#1416,barbarian
1239,Crazynp#1409,barbarian
1240,Loden#1534,barbarian
1241,DdDBrujah#1850,barbarian
1242,Keropp1#1795,barbarian
1243,IloveU#1216,barbarian
1244,Demon#11127,barbarian
1245,sanh#1310,barbarian
1246,Sokomachine#1871,barbarian
1247,FRANKYY#3874,barbarian
1248,Caboose#1618,barbarian
1249,Binkacol#1287,barbarian
1250,marc#1913,barbarian
1251,BlckyLawless#1185,barbarian
1252,NotTuDae#1337,barbarian
1253,K1N5L4Y3R#1149,barbarian
1254,ZAX#3745,barbarian
1255,DPC#11753,barbarian
1256,Cartouche#1554,barbarian
1257,Justaman#2703,barbarian
1258,Sergica#1253,barbarian
1259,DayWalker#1577,barbarian
1260,PunkNOFX#6780,barbarian
1261,Volrach#1126,barbarian
1262,Xoren#1656,barbarian
1263,Bruzer#1225,barbarian
1264,Archale#1813,barbarian
1265,Zhilo#2699,barbarian
1266,Donabrie#1827,barbarian
1267,samtheman20#1722,barbarian
1268,Nad#1728,barbarian
1269,Ittouryu#6957,barbarian
1270,Juice#12893,barbarian
1271,Emptyvessel#11861,barbarian
1272,Kznote#1666,barbarian
1273,PinGo#3168,barbarian
1274,Warrmonger#1948,barbarian
1275,rene#1220,barbarian
1276,AirUBreathe#1962,barbarian
1277,marsman88#1974,barbarian
1278,Galahad#12171,barbarian
1279,infinity#1250,barbarian
1280,dpaladinj#1515,barbarian
1281,BluEyedDemon#1800,barbarian
1282,CloudAtlas#3502,barbarian
1283,FightClub#11152,barbarian
1284,Snoova#11457,barbarian
1285,frankkiller#1140,barbarian
1286,Rotad#1337,barbarian
1287,Archirupe#1907,barbarian
1288,Alksaar1#1341,barbarian
1289,Kodek#1189,barbarian
1290,CaptnSplooge#1145,barbarian
1291,lecom#1698,barbarian
1292,Bobbey#1370,barbarian
1293,Oorlog#1763,barbarian
1294,Coruja#1821,barbarian
1295,Taxi284#1551,barbarian
1296,Shakal#1304,barbarian
1297,Grev#1306,barbarian
1298,Vraska#11201,barbarian
1299,Sasha#12886,barbarian
1300,8074397,m
1301,Sanjo#1498,barbarian
1302,PhoSho#1227,barbarian
1303,BloodiMax#2466,barbarian
1304,toyo#1446,barbarian
1305,Cheezy#1858,barbarian
1306,DiscoInFerno#1693,barbarian
1307,Dmo#1231,barbarian
1308,Icylind#11883,barbarian
1309,Malfador#1280,barbarian
1310,HenryLMG#1885,barbarian
1311,Lights#1320,barbarian
1312,Nosnibor#1437,barbarian
1313,SkyOtter#1211,barbarian
1314,Dreadnaught#1795,barbarian
1315,Hexum#1602,barbarian
1316,FetalLeakage#11837,barbarian
1317,brutanico#1410,barbarian
1318,Bütthead#1854,barbarian
1319,Loloup#1452,barbarian
1320,Dax#1447,barbarian
1321,Versa#11875,barbarian
1322,Lasar#11505,barbarian
1323,Intro#11895,barbarian
1324,nullaffinity#1161,barbarian
1325,Cyanide#1968,barbarian
1326,MTS#1690,barbarian
1327,Lachdanan#1638,barbarian
1328,chafian#1703,barbarian
1329,treebot#1311,barbarian
1330,gorak#1314,barbarian
1331,Ekcho#1339,barbarian
1332,Prune#1294,barbarian
1333,JBud52#1300,barbarian
1334,Nnotra#6640,barbarian
1335,Jekka#1399,barbarian
1336,Rocinante#11903,barbarian
1337,King#113739,barbarian
1338,MgDGohan#1302,barbarian
1339,DarKKnight77#1504,barbarian
1340,gnarx#1439,barbarian
1341,Charky#1919,barbarian
1342,Gabagool#11297,barbarian
1343,Saiyan#1481,barbarian
1344,Slimjimm#1511,barbarian
1345,reddragon234#1520,barbarian
1346,Rocketman#1503,barbarian
1347,Neebs#11429,barbarian
1348,HanVo#1359,barbarian
1349,EmptyRed#1528,barbarian
1350,iiBloodShott#1292,barbarian
1351,Moises#1240,barbarian
1352,Phuzun#1226,barbarian
1353,Risca#1102,barbarian
1354,Combat#11394,barbarian
1355,Fizzla#11674,barbarian
1356,BoonZero#1717,barbarian
1357,CANUCK#1881,barbarian
1358,Hid#1402,barbarian
1359,Keabler#1628,barbarian
1360,Coles#1536,barbarian
1361,RussRaidBoss#1647,barbarian
1362,NightRaven#158892,barbarian
1363,Sleepless#1860,barbarian
1364,JIanJI#3507,barbarian
1365,Millardo#1375,barbarian
1366,Fletch#1662,barbarian
1367,Entranced#1506,barbarian
1368,Kalion#1391,barbarian
1369,Laserface#1430,barbarian
1370,Alex#130461,barbarian
1371,Sombre#1321,barbarian
1372,ANameChange#1169,barbarian
1373,Chaplain#1525,barbarian
1374,FlippyFlopys#1151,barbarian
1375,StealthyOne#1945,barbarian
1376,massfireplug#1699,barbarian
1377,wolf123#1418,barbarian
1378,bobgraton#1859,barbarian
1379,Flair4Gold#1422,barbarian
1380,Uhhuhhuhhuhh#1380,barbarian
1381,Baconator#11469,barbarian
1382,LetsGoHunt#1206,barbarian
1383,Joseph#1617,barbarian
1384,sweetescape#21969,barbarian
1385,Kelberen#1486,barbarian
1386,Fafnir#11190,barbarian
1387,Cavalera#1521,barbarian
1388,Ca53ydila#1286,barbarian
1389,HandyJ#1970,barbarian
1390,Ryusanagi#1288,barbarian
1391,Odiddy#1190,barbarian
1392,YouDownNB#1574,barbarian
1393,Murked#1901,barbarian
1394,Murdalicious#1374,barbarian
1395,Pato#1920,barbarian
1396,Bløød#1777,barbarian
1397,Eggsaladin#1178,barbarian
1398,cyberquist#1337,barbarian
1399,TaingMonkey#1979,barbarian
1400,Dudeofdead#1539,barbarian
1401,Btreyu#1300,barbarian
1402,Spectre#1893,barbarian
1403,FKgofae#1784,barbarian
1404,joenathan89#1995,barbarian
1405,Malkcrazy#1716,barbarian
1406,Justin9242#6109,barbarian
1407,Hadez#1549,barbarian
1408,orthotobi#1981,barbarian
1409,TerenceTeng#6692,barbarian
1410,Impetus#1277,barbarian
1411,Zorox#1188,barbarian
1412,Panda#11447,barbarian
1413,Anessthetize#1220,barbarian
1414,IoaneTsunami#1501,barbarian
1415,hawkkiwi#1595,barbarian
1416,Bulwark#1607,barbarian
1417,grimlock#1323,barbarian
1418,Blackout#1182,barbarian
1419,Havoc#1312,barbarian
1420,Anatsir#1578,barbarian
1421,KrOmZ#1491,barbarian
1422,Corruption#1550,barbarian
1423,lvzz#1375,barbarian
1424,Goose#1714,barbarian
1425,FunkMastah#11785,barbarian
1426,Kllan#1617,barbarian
1427,Delonoth#1855,barbarian
1428,Dysiak#1561,barbarian
1429,SoulBalCaaM#1436,barbarian
1430,ReaverCS#1662,barbarian
1431,HoldenHall36#1850,barbarian
1432,Tuyen#1106,barbarian
1433,Kerm0#1584,barbarian
1434,Quiverbone#11650,barbarian
1435,Dustin#1485,barbarian
1436,Tattedwolf22#1397,barbarian
1437,SirPhilliam#1623,barbarian
1438,HonEBadger#1152,barbarian
1439,EpicGrandma#1644,barbarian
1440,Auronblade#1994,barbarian
1441,amour#1293,barbarian
1442,Cric#1566,barbarian
1443,Dura#1639,barbarian
1444,Superxman#1333,barbarian
1445,Tucker#11369,barbarian
1446,Link#1122,barbarian
1447,Pip#1332,barbarian
1448,Zuritch#1686,barbarian
1449,Linskey666#1273,barbarian
1450,Kirpich#1697,barbarian
1451,andicus#11393,barbarian
1452,Tyranno#1195,barbarian
1453,歐拉夫#4560,barbarian
1454,Gunner2590#1363,barbarian
1455,Alexandre#11938,barbarian
1456,Tyddus#1658,barbarian
1457,Danzor#1216,barbarian
1458,VanHelsing#1200,barbarian
1459,NoodleFish#1843,barbarian
1460,Bwner#1976,barbarian
1461,WildPants#1523508,barbarian
1462,Gexus#1668,barbarian
1463,SQWISHY#1440,barbarian
1464,MichaelCycle#1539,barbarian
1465,HashHonkey#1151,barbarian
1466,Moorman#1850,barbarian
1467,TSAT#1283,barbarian
1468,Gorespine#1591,barbarian
1469,JuiceWeasel#1212,barbarian
1470,Wolfman#1356,barbarian
1471,Konradcurze#1798,barbarian
1472,Soryu#1466,barbarian
1473,WhiskeyGolf#1416,barbarian
1474,Bear#1694,barbarian
1475,Kabello#1201,barbarian
1476,FatTony#1251,barbarian
1477,mvincent1102#1961,barbarian
1478,CodyLee#1987,barbarian
1479,15196139,f
1480,leoninhk#2752,barbarian
1481,MakinBacon#11687,barbarian
1482,Landofdoom#1428,barbarian
1483,RiZe#11175,barbarian
1484,IronPickle#11276,barbarian
1485,D2Legend#1601,barbarian
1486,ElBrou#1683,barbarian
1487,migueman#1416,barbarian
1488,t3heaven#1204,barbarian
1489,BeerBaran#1131,barbarian
1490,Larraby#1719,barbarian
1491,Saga#1924,barbarian
1492,Neme#1195,barbarian
1493,Filthy#1901,barbarian
1494,Ironseid#1414,barbarian
1495,POSSSESSSED#1456,barbarian
1496,BULKENSTEIN#1243,barbarian
1497,Ylyndyr#1490,barbarian
1498,Jorlah#1375,barbarian
1499,Sephiroth#1400,barbarian
1500,BillyGoat#1750,barbarian
1501,LqdCokane#1829,barbarian
1502,Shoushin#1377,barbarian
1503,V0iletRblue#1381,barbarian
1504,FishyFresh#11456,barbarian
1505,youpi#1891,barbarian
1506,Fred#1803,barbarian
1507,Clammy#11673,barbarian
1508,ticklemonstr#1947,barbarian
1509,MrrFelix#1770,barbarian
1510,chaji#11620,barbarian
1511,CloaknDagger#1875,barbarian
1512,Kyjio#1716,barbarian
1513,ShacoPhèdre#1424,barbarian
1514,Kelorthast#1839,barbarian
1515,aimkai#1939,barbarian
1516,MrSyms#2723,barbarian
1517,Russ#1417,barbarian
1518,Gangster#11201,barbarian
1519,sAwCe#11319,barbarian
1520,Shibas#1380,barbarian
1521,Sikoso#1642,barbarian
1522,luca#1836,barbarian
1523,Wolfius#1116,barbarian
1524,Bottron#1167,barbarian
1525,Bronan#11841,barbarian
1526,Beckinsalex#1342,barbarian
1527,ESTIDECRISS#1842,barbarian
1528,RnDMonkey#1929,barbarian
1529,Coboeq#1831,barbarian
1530,Sciar#1335,barbarian
1531,DrunkenMime#11930,barbarian
1532,DeathWing#1491,barbarian
1533,RustyBullet#11278,barbarian
1534,Odysseus#2384,barbarian
1535,Zabara#1829,barbarian
1536,BritMosscoe#1843,barbarian
1537,Oxius#1439,barbarian
1538,Coldcrypt#1814,barbarian
1539,Flex#6877,barbarian
1540,Newtown#1946,barbarian
1541,ELFULA#1580,barbarian
1542,Hope#1623,barbarian
1543,cabynum#1840,barbarian
1544,PiGGieBANx#1399,barbarian
1545,Firefreek22#1162,barbarian
1546,SEJONGMANYEA#1259,barbarian
1547,Sizhanxian#1543,barbarian
1548,Mcra#1105,barbarian
1549,Jonaastu#2723,barbarian
1550,Foqls#1764,barbarian
1551,Reaper101#11270,barbarian
1552,Keko#11543,barbarian
1553,CybrPnkPnch#1979,barbarian
1554,Kowalski#1503,barbarian
1555,sek3o11#1208,barbarian
1556,Astaroth#1937,barbarian
1557,krouger22#1402,barbarian
1558,Tendon#1997,barbarian
1559,Guinness#1968,barbarian
1560,mav1989#1701,barbarian
1561,NaeBumaye#1268,barbarian
1562,WhiteTiga#11112,barbarian
1563,Justine#1755,barbarian
1564,Spooy#1496,barbarian
1565,damnitus#1655,barbarian
1566,Hallow#1230,barbarian
1567,Marhault#1702,barbarian
1568,NetCode#1442,barbarian
1569,Shinku#1755,barbarian
1570,JzLyNn#1371,barbarian
1571,Truedge#1249,barbarian
1572,Buggawolf#1732,barbarian
1573,Agulha#1722,barbarian
1574,Borgook#1798,barbarian
1575,Crucial#1443,barbarian
1576,CityShrimp#11751,barbarian
1577,Rusty#1575,barbarian
1578,Extortionist#1389,barbarian
1579,Scifighter#11937,barbarian
1580,Sasij#1795,barbarian
1581,MOODY#1747,barbarian
1582,lampardwah#3466,barbarian
1583,Kunteper#21373,barbarian
1584,DavisLegion#1120,barbarian
1585,Ozgardian#1627,barbarian
1586,Reis#1836,barbarian
1587,Rhagadash#1322,barbarian
1588,Phreshmaker#1298,barbarian
1589,Haydez#1410,barbarian
1590,Buzzmanjoe#1963,barbarian
1591,Linx#1378,barbarian
1592,Werewolf#2138,barbarian
1593,ArchAngel#1370,barbarian
1594,Benji89#11414,barbarian
1595,Cadegamin96#1123,barbarian
1596,maude2#1941,barbarian
1597,Pandemic#11553,barbarian
1598,Thanatopsis#1680,barbarian
1599,PILLA#1211,barbarian
1600,Gilvaroth123#1117,barbarian
1601,Aesics#1257,barbarian
1602,Michlindor#1773,barbarian
1603,WhiteHorse#11702,barbarian
1604,Alternn#1427,barbarian
1605,PedroAranda#1585,barbarian
1606,Hydromink#1544,barbarian
1607,RunTheCastle#1731,barbarian
1608,Sidekick#11635,barbarian
1609,Venrilius#1324,barbarian
1610,Shotzzx#1343,barbarian
1611,BoneMuncher#1116,barbarian
1612,blazinbrit#1175,barbarian
1613,grim#1533,barbarian
1614,Samurai#12417,barbarian
1615,FlipFlop#11624,barbarian
1616,Rigamortis#1273,barbarian
1617,Vooch#1295,barbarian
1618,MooseThunder#1527,barbarian
1619,Sabochan#1561,barbarian
1620,Turnip#1301,barbarian
1621,PhongVan#1791,barbarian
1622,Mccheesyton#1259,barbarian
1623,Huckleberry#11682,barbarian
1624,MiniMeh#1641,barbarian
1625,Creator#1206,barbarian
1626,BITTENCA68#1152,barbarian
1627,LightWingZ#1670,barbarian
1628,JaseyGooGoo#1669,barbarian
1629,Frnklybobbit#1298,barbarian
1630,TheLazyGamer#11524,barbarian
1631,Epedizzle#1603,barbarian
1632,Tokyofresh#11719,barbarian
1633,Fawakamaha#1129,barbarian
1634,CakenSyrup#1866,barbarian
1635,BigDee#1631,barbarian
1636,pancholin#1248,barbarian
1637,Zombeam#1934,barbarian
1638,Str3Rx#2667,barbarian
1639,doughboy13#1240,barbarian
1640,Prose#1949,barbarian
1641,Elisif#1669,barbarian
1642,Demetre#1549,barbarian
1643,Reagsdad#1934,barbarian
1644,KneeCapper#1684,barbarian
1645,lordmatthius#11747,barbarian
1646,Darkguard#1335,barbarian
1647,JeffT#1672,barbarian
1648,Ecliptical#1504,barbarian
1649,Venas#1533,barbarian
1650,Webad#1377,barbarian
1651,LeLoup#11309,barbarian
1652,proto84#1888,barbarian
1653,MARU#1325,barbarian
1654,Aeglefish#1764,barbarian
1655,MataMosca#1750,barbarian
1656,beej#1480,barbarian
1657,wesson418#2262,barbarian
1658,NEMESIS#14255,barbarian
1659,Mikhial#1173,barbarian
1660,Zavius#11449,barbarian
1661,Thorden#1299,barbarian
1662,xadin#1142,barbarian
1663,Figgs#1796,barbarian
1664,XpRience#1274,barbarian
1665,Justiniano#1455,barbarian
1666,ALEX#118119,barbarian
1667,Brainless#1980,barbarian
1668,Ryan#111884,barbarian
1669,Jarno#21146,barbarian
1670,JackReaper#1946,barbarian
1671,BattlelToad#1927,barbarian
1672,Pelarius#1229,barbarian
1673,Seven#13442,barbarian
1674,FunkyWeek#3327,barbarian
1675,muggs#11127,barbarian
1676,Furious#1361,barbarian
1677,Moe#1339,barbarian
1678,soap#1703,barbarian
1679,asmodyam#1320,barbarian
1680,HIimHIGH#1676,barbarian
1681,RipRizzle#1221,barbarian
1682,Barbiturates#1317,barbarian
1683,Sadrows#1151,barbarian
1684,Force#11535,barbarian
1685,LuckyTiger#123299,barbarian
1686,Scarbelly#1793,barbarian
1687,Mytoonssuck#1268,barbarian
1688,JBees#1638,barbarian
1689,Eso#11987,barbarian
1690,Bisonslayer#11667,barbarian
1691,Febtober#1993,barbarian
1692,HvbBaka#1319,barbarian
1693,Grish#1473,barbarian
1694,Oki#1841,barbarian
1695,N1lla#1871,barbarian
1696,maddog#1140,barbarian
1697,Jaz#1587,barbarian
1698,barrrf#1375,barbarian
1699,Dedgame#1154,barbarian
1700,Santos#1272,barbarian
1701,ViSaLuS#1387,barbarian
1702,Boogiesg#1350,barbarian
1703,Njoy#11260,barbarian
1704,Sanitarium#1985,barbarian
1705,Crahan#11333,barbarian
1706,LoneWanderer#11713,barbarian
1707,Tr3v1n#11809,barbarian
1708,Citz3nSnip3s#1852,barbarian
1709,AlfaceVerde#1926,barbarian
1710,MFDOOM#11769,barbarian
1711,Absalome#1271,barbarian
1712,Ankev#1846,barbarian
1713,arndawg#1193,barbarian
1714,Mallakai#11870,barbarian
1715,Coffee#1594,barbarian
1716,Acidic#11873,barbarian
1717,Spilt#1753,barbarian
1718,Cad#1607,barbarian
1719,xNeGima#1696,barbarian
1720,metalofgod#1237,barbarian
1721,ActionAdams#1843,barbarian
1722,Jesse#1890,barbarian
1723,Amebix#1540,barbarian
1724,Guru#1242,barbarian
1725,Sorcier#21433,barbarian
1726,Doven#1890,barbarian
1727,Rovalles#1520,barbarian
1728,Elitepopo#1410,barbarian
1729,Inebriated#1727,barbarian
1730,unoplank#1764,barbarian
1731,Rigga#1885,barbarian
1732,markers#1240,barbarian
1733,Oneshot#1866,barbarian
1734,Rogue#1658,barbarian
1735,nodrakehere#1513,barbarian
1736,Skotono#1558,barbarian
1737,Bart#1847,barbarian
1738,Christian15s#1225,barbarian
1739,tyler#1975,barbarian
1740,DIETMTNDEW#1938,barbarian
1741,ADeliver#1287,barbarian
1742,Ornias#1696,barbarian
1743,NastyMilk#1601,barbarian
1744,SamuelHammer#1554,barbarian
1745,Z3SH1N#1619,barbarian
1746,Alvar019#1955,barbarian
1747,Coronicus#1227,barbarian
1748,Shmoopi#1929,barbarian
1749,ryoukojp#1259,barbarian
1750,Deathdealer#1992,barbarian
1751,Serge#11150,barbarian
1752,Smok3dfish#1798,barbarian
1753,jdiGGz#11784,barbarian
1754,basarra#1770,barbarian
1755,Tau#1186,barbarian
1756,AngryGamer#1124,barbarian
1757,Omega#11802,barbarian
1758,Daylyt#1790,barbarian
1759,Jonan#3413,barbarian
1760,D2mark#1938,barbarian
1761,Scruffy#1586,barbarian
1762,ROOKARIKE#1169,barbarian
1763,nortigid#1838,barbarian
1764,Bender#1845,barbarian
1765,LPLP#2510,barbarian
1766,Traun#1923,barbarian
1767,kobrawski#1652,barbarian
1768,Kode#1575,barbarian
1769,Peenrbutt#1965,barbarian
1770,Ashendol#11361,barbarian
1771,Zestra#1936,barbarian
1772,TagBagger#1591,barbarian
1773,CYB3R#11194,barbarian
1774,GrumpyBears#1788,barbarian
1775,Otamega#11177,barbarian
1776,Rakanishu#11796,barbarian
1777,Catchinhands#1565,barbarian
1778,GilmourFloyd#1367,barbarian
1779,BMPK#11392,barbarian
1780,Br3eZ3r#2662,barbarian
1781,Suganaa#1709,barbarian
1782,Ardilla#1502,barbarian
1783,Metal#11627,barbarian
1784,dizzydd#1693,barbarian
1785,IronMog#11751,barbarian
1786,SuperMage#113155,barbarian
1787,LeftOver#1140,barbarian
1788,Malfeus#1935,barbarian
1789,Zakata#1173,barbarian
1790,Baruka#1891,barbarian
1791,Sickboy#1322,barbarian
1792,SHREDDER#1661,barbarian
1793,Khyr#11694,barbarian
1794,Syn#1546,barbarian
1795,Dapoon#1673,barbarian
1796,kingbeaver#1841,barbarian
1797,StrackChars#1309,barbarian
1798,Papabear#1181,barbarian
1799,FourInches#1353,barbarian
1800,Bladex7#1194,barbarian
1801,McCormick#1259,barbarian
1802,Geed#1394,barbarian
1803,Ssparhawk#1370,barbarian
1804,Sheva#1973,barbarian
1805,Blanco#1983,barbarian
1806,Gman#12191,barbarian
1807,SirFluffy#11620,barbarian
1808,Karnage#1371,barbarian
1809,TITAN#12987,barbarian
1810,FDR#1124,barbarian
1811,Tungee#11384,barbarian
1812,Octavis#1441,barbarian
1813,Seabass#1362,barbarian
1814,Dante#11131,barbarian
1815,Destro#1385,barbarian
1816,emmcali#1871,barbarian
1817,Vincibleman#1480,barbarian
1818,Mahana#1994,barbarian
1819,Contragor#1152,barbarian
1820,xPervySag3x#1531,barbarian
1821,Fraxen#2767,barbarian
1822,Blitz4185#1364,barbarian
1823,Quincy#1559,barbarian
1824,Air#3983,barbarian
1825,Blackworld#1102,barbarian
1826,foresen#4845,barbarian
1827,Ajesnei#1298,barbarian
1828,Ferbo#11555,barbarian
1829,Theory#1661,barbarian
1830,Kyrian#1875,barbarian
1831,Duckcrossing#1783,barbarian
1832,Tinman#1690,barbarian
1833,Alurii#1865,barbarian
1834,DieBlue#1591,barbarian
1835,Bungler#1134,barbarian
1836,TobeCorrin#1838,barbarian
1837,KevinKool#1225,barbarian
1838,Wanhope#1918,barbarian
1839,Demosthenes#1825,barbarian
1840,Protoss#11558,barbarian
1841,Sup3rcookie#1541,barbarian
1842,Michael#12429,barbarian
1843,Daisho#1882,barbarian
1844,M1sgu1ded1#1112,barbarian
1845,Bagufudooo#1256,barbarian
1846,Proper#1367,barbarian
1847,hades#11641,barbarian
1848,JDib#1526,barbarian
1849,Tenso#1592,barbarian
1850,DocYoshi#1861,barbarian
1851,Brobben#1767,barbarian
1852,Lungs#1800,barbarian
1853,MrWonderful#1159,barbarian
1854,D3fi1ed#1459,barbarian
1855,Jurkules#11436,barbarian
1856,Alekhl#2426,barbarian
1857,GUMITO#1223,barbarian
1858,Smushburger#1463,barbarian
1859,VICIOUZ#11327,barbarian
1860,Jotso#1554,barbarian
1861,Gtfome#1710,barbarian
1862,Krackles#1930,barbarian
1863,Jaq#1975,barbarian
1864,Zupan#1146,barbarian
1865,Sebs#1890,barbarian
1866,BoBoiKa#1916,barbarian
1867,BONGA#11164,barbarian
1868,xddbiel#1142,barbarian
1869,Hurricane#1562,barbarian
1870,Moogle#1536,barbarian
1871,Flanked#11351,barbarian
1872,Scarface#1632,barbarian
1873,Hulk#1690,barbarian
1874,HellzAzn#1488,barbarian
1875,Steelstep#1935,barbarian
1876,VanceHawke#1233,barbarian
1877,Xk99#1164,barbarian
1878,Fizecs#1420,barbarian
1879,Beermonster#1710,barbarian
1880,Shawn#1846,barbarian
1881,Cughin#1704,barbarian
1882,SwankyPants#111971,barbarian
1883,Arcstar#1212,barbarian
1884,xXCarlacKXx#1794,barbarian
1885,Pocariphilia#1777,barbarian
1886,karon#1371,barbarian
1887,Garmetzon#1499,barbarian
1888,ShooterReady#11157,barbarian
1889,Taiinted#1598,barbarian
1890,koz#1716,barbarian
1891,Mar#1552,barbarian
1892,Graffy#1337,barbarian
1893,broodthorne#1369,barbarian
1894,Sydrian#1369,barbarian
1895,XpeterBox#1398,barbarian
1896,BigDrizz#2360,barbarian
1897,SSJGODSSJ99#1445,barbarian
1898,Birdman#1339,barbarian
1899,Allarius#1173,barbarian
1900,Indelacius#1162,barbarian
1901,HonDriX#1528,barbarian
1902,Zinfander#1954,barbarian
1903,Kaytown#11586,barbarian
1904,Waino#1649,barbarian
1905,YouDie1st#1126,barbarian
1906,MErcyME#1736,barbarian
1907,Bajingo#1524,barbarian
1908,M4rLb0r0#1991,barbarian
1909,stephenavro#1794,barbarian
1910,Drakebreath#1436,barbarian
1911,TopShots#2542,barbarian
1912,Pomeroy#1485,barbarian
1913,Manasiege#1951,barbarian
1914,OmareZ#6671,barbarian
1915,RustyRussell#1854,barbarian
1916,Cryptic#1308,barbarian
1917,Sinieni#1378,barbarian
1918,PandaEater#1929,barbarian
1919,Billski#1287,barbarian
1920,fernando#1136,barbarian
1921,JellyDonuts#1284,barbarian
1922,iamrawr#1915,barbarian
1923,Swim#1945,barbarian
1924,eddie#1508,barbarian
1925,BodyThetan#1157,barbarian
1926,Patatedouce5#1168,barbarian
1927,HELLFIRE#1720,barbarian
1928,Stevensmalls#1520,barbarian
1929,LiangA#3981,barbarian
1930,Vectivis#1170,barbarian
1931,keith007#6669,barbarian
1932,PATVEDA#1436,barbarian
1933,Pest#1716,barbarian
1934,Ghosthands#1392,barbarian
1935,FrankieFresh#11850,barbarian
1936,FiliPeanuT#1940,barbarian
1937,Mday#1303,barbarian
1938,Raynoceros#11319,barbarian
1939,Zweiterteil#1922,barbarian
1940,arruda666#1658,barbarian
1941,Samael#1691,barbarian
1942,Craig51#1817,barbarian
1943,lllllllIllll#1603,barbarian
1944,JeffUmm#1511,barbarian
1945,Ezrakni#1983,barbarian
1946,BkBroiler#11112,barbarian
1947,Lag#1102,barbarian
1948,Taleon#11322,barbarian
1949,Grubface#1701,barbarian
1950,Strifer#11967,barbarian
1951,Gatts#1570,barbarian
1952,Larry#1695,barbarian
1953,SayRay#1603,barbarian
1954,SleepyPatron#1712,barbarian
1955,Rokumaru#1926,barbarian
1956,HiddenDagger#1647,barbarian
1957,xhalopkx#1827,barbarian
1958,L1mE#1221,barbarian
1959,taihong#1884,barbarian
1960,Xclusive#1284,barbarian
1961,Metzy#11479,barbarian
1962,BasedKami9#1477,barbarian
1963,Savago#1178,barbarian
1964,RNGESUS#1762,barbarian
1965,CheezeHelmet#1568,barbarian
1966,Glendral#1255,barbarian
1967,Split#1117,barbarian
1968,Element#1555,barbarian
1969,RénéJones#1924,barbarian
1970,potato#13359,barbarian
1971,Pishin#1998,barbarian
1972,GolDenSense#1433,barbarian
1973,dub#11232,barbarian
1974,Ganak#1648,barbarian
1975,Skates#1598,barbarian
1976,Melona#1545,barbarian
1977,ALostSock#1762,barbarian
1978,Cuddlepie#1162,barbarian
1979,DyingBreath#1402,barbarian
1980,Jibberwock#1936,barbarian
1981,Daywalker#1301,barbarian
1982,Fluttershy#1742,barbarian
1983,Ultimate#12513,barbarian
1984,Shogunmj#1909,barbarian
1985,Sasuke#1740,barbarian
1986,silent3246#1517,barbarian
1987,WASDer#6415,barbarian
1988,Crawmerax#1676,barbarian
1989,fjordan#11542,barbarian
1990,akaCHARLIE#1351,barbarian
1991,Leokool#1797,barbarian
1992,cybermoo#1128,barbarian
1993,ramz#1281,barbarian
1994,SilentNOX#1522,barbarian
1995,Cowboy#1808,barbarian
1996,MrBlargh#1225,barbarian
1997,Docthejacka#1962,barbarian
1998,Kieferzilla#1657,barbarian
1999,Xcentric#1197,barbarian
2000,EvGenY#1406,barbarian
2001,Randy#1252,barbarian
